method,run,time,num_of_calls,fx
Ours,1,0.37259569699995154,202,1.337325130248057
Ours,2,0.3784377059999997,202,1.337325130248057
Ours,3,0.1830562560000999,202,1.337325130248057
Ours,4,0.3512660489999462,202,1.337325130248057
Ours,5,0.3725612480000109,202,1.337325130248057
Ours,6,0.27012858299997333,202,1.337325130248057
Ours,7,0.32198064599992904,202,1.337325130248057
Ours,8,0.3792015450000008,202,1.337325130248057
Ours,9,0.38097239599994737,202,1.337325130248057
Ours,10,0.35899715699997614,202,1.337325130248057
Ours,11,0.38290338599995266,202,1.337325130248057
Ours,12,0.3791648860000123,202,1.337325130248057
Ours,13,0.3336077239999895,202,1.337325130248057
Ours,14,0.3495924249999689,202,1.337325130248057
Ours,15,0.3794576179999467,202,1.337325130248057
Ours,16,0.3793154830000276,202,1.337325130248057
Ours,17,0.3810648289999108,202,1.337325130248057
Ours,18,0.28862083800004257,202,1.337325130248057
Ours,19,0.3012750640000377,202,1.337325130248057
Ours,20,0.37953188300002694,202,1.337325130248057
Ours,21,0.32626116999995247,202,1.337325130248057
Ours,22,0.35306195299995125,202,1.337325130248057
Ours,23,0.3892764590000297,202,1.337325130248057
Ours,24,0.3736858419999862,202,1.337325130248057
Ours,25,0.37799475899998924,202,1.337325130248057
Ours,26,0.39834409899992806,202,1.337325130248057
Ours,27,0.38764195900000686,202,1.337325130248057
Ours,28,0.378849917000025,202,1.337325130248057
Ours,29,0.35160823399996843,202,1.337325130248057
Ours,30,0.31071310699996957,202,1.337325130248057
Ours,31,0.16575131100000817,202,1.337325130248057
Ours,32,0.16535780699996394,202,1.337325130248057
Ours,33,0.23055777399997623,202,1.337325130248057
Ours,34,0.1648854190000293,202,1.337325130248057
Ours,35,0.24879864800004725,202,1.337325130248057
Ours,36,0.37417111000002024,202,1.337325130248057
Ours,37,0.3162416170000597,202,1.337325130248057
Ours,38,0.3750139459999673,202,1.337325130248057
Ours,39,0.3752685619999738,202,1.337325130248057
Ours,40,0.33437239099998806,202,1.337325130248057
Ours,41,0.37682323899991843,202,1.337325130248057
Ours,42,0.3762641010000607,202,1.337325130248057
Ours,43,0.2780331459999843,202,1.337325130248057
Ours,44,0.17808976499998153,202,1.337325130248057
Ours,45,0.3018730720000349,202,1.337325130248057
Ours,46,0.34837466200008294,202,1.337325130248057
Ours,47,0.31730454699993516,202,1.337325130248057
Ours,48,0.3756287630000088,202,1.337325130248057
Ours,49,0.37486805800006096,202,1.337325130248057
Ours,50,0.37653493999994225,202,1.337325130248057
Ours,51,0.3747510759999386,202,1.337325130248057
Ours,52,0.32845125699998334,202,1.337325130248057
Ours,53,0.3757435559999749,202,1.337325130248057
Ours,54,0.3749412320000829,202,1.337325130248057
Ours,55,0.32950593800001116,202,1.337325130248057
Ours,56,0.29438203299991983,202,1.337325130248057
Ours,57,0.37472605899995415,202,1.337325130248057
Ours,58,0.37751665700000103,202,1.337325130248057
Ours,59,0.34252701399998386,202,1.337325130248057
Ours,60,0.35277425300000687,202,1.337325130248057
Ours,61,0.31438310699991234,202,1.337325130248057
Ours,62,0.32918904199993904,202,1.337325130248057
Ours,63,0.37629961499999354,202,1.337325130248057
Ours,64,0.28306158600003073,202,1.337325130248057
Ours,65,0.16612668099992334,202,1.337325130248057
Ours,66,0.1657976520000375,202,1.337325130248057
Ours,67,0.16660970400005226,202,1.337325130248057
Ours,68,0.2099895449999849,202,1.337325130248057
Ours,69,0.3038324950000515,202,1.337325130248057
Ours,70,0.3794916250000142,202,1.337325130248057
Ours,71,0.36229427999990094,202,1.337325130248057
Ours,72,0.26353978299994196,202,1.337325130248057
Ours,73,0.2713304909999579,202,1.337325130248057
Ours,74,0.2386381789999632,202,1.337325130248057
Ours,75,0.2725315939999291,202,1.337325130248057
Ours,76,0.38029523000000154,202,1.337325130248057
Ours,77,0.2645684369999799,202,1.337325130248057
Ours,78,0.3256529400000545,202,1.337325130248057
Ours,79,0.3821263759999738,202,1.337325130248057
Ours,80,0.3827110020000646,202,1.337325130248057
Ours,81,0.3837427740000976,202,1.337325130248057
Ours,82,0.3840082549999124,202,1.337325130248057
Ours,83,0.3785063039999841,202,1.337325130248057
Ours,84,0.2660090089999585,202,1.337325130248057
Ours,85,0.3813215330000048,202,1.337325130248057
Ours,86,0.3764481619999742,202,1.337325130248057
Ours,87,0.3596319419999645,202,1.337325130248057
Ours,88,0.38282883599993056,202,1.337325130248057
Ours,89,0.38407670200001576,202,1.337325130248057
Ours,90,0.3599565849999635,202,1.337325130248057
Ours,91,0.29339589799997157,202,1.337325130248057
Ours,92,0.37718977300005463,202,1.337325130248057
Ours,93,0.38238824400002613,202,1.337325130248057
Ours,94,0.3832571049999842,202,1.337325130248057
Ours,95,0.21152123399997436,202,1.337325130248057
Ours,96,0.16622564299996156,202,1.337325130248057
Ours,97,0.21260024899993368,202,1.337325130248057
Ours,98,0.38173958000004404,202,1.337325130248057
Ours,99,0.25060888799998793,202,1.337325130248057
Ours,100,0.16542096999990008,202,1.337325130248057
Ours-AR,1,0.23659670099993946,202,1.337323857962639
Ours-AR,2,0.25915366000003814,202,1.337323857962639
Ours-AR,3,0.256337636000012,202,1.337323857962639
Ours-AR,4,0.2591215209999973,202,1.337323857962639
Ours-AR,5,0.2561990929999638,202,1.337323857962639
Ours-AR,6,0.2596095139999761,202,1.337323857962639
Ours-AR,7,0.2564858969999477,202,1.337323857962639
Ours-AR,8,0.25911885699997583,202,1.337323857962639
Ours-AR,9,0.2563130839999985,202,1.337323857962639
Ours-AR,10,0.2598604519999981,202,1.337323857962639
Ours-AR,11,0.25650121900002887,202,1.337323857962639
Ours-AR,12,0.2593743209999957,202,1.337323857962639
Ours-AR,13,0.25675391499999023,202,1.337323857962639
Ours-AR,14,0.25934405300006347,202,1.337323857962639
Ours-AR,15,0.25314252100008616,202,1.337323857962639
Ours-AR,16,0.21411421599998448,202,1.337323857962639
Ours-AR,17,0.2156153580000364,202,1.337323857962639
Ours-AR,18,0.2422082660000342,202,1.337323857962639
Ours-AR,19,0.2565298929999926,202,1.337323857962639
Ours-AR,20,0.24090850800007502,202,1.337323857962639
Ours-AR,21,0.23381920199994966,202,1.337323857962639
Ours-AR,22,0.25945272299998123,202,1.337323857962639
Ours-AR,23,0.25603592100003425,202,1.337323857962639
Ours-AR,24,0.25928766999993513,202,1.337323857962639
Ours-AR,25,0.25622152099992945,202,1.337323857962639
Ours-AR,26,0.2595197599999892,202,1.337323857962639
Ours-AR,27,0.25623892800001613,202,1.337323857962639
Ours-AR,28,0.2592583029999105,202,1.337323857962639
Ours-AR,29,0.25665551999998115,202,1.337323857962639
Ours-AR,30,0.2513343570000188,202,1.337323857962639
Ours-AR,31,0.25658780999992814,202,1.337323857962639
Ours-AR,32,0.262168842000051,202,1.337323857962639
Ours-AR,33,0.26138297900001817,202,1.337323857962639
Ours-AR,34,0.2656406670000706,202,1.337323857962639
Ours-AR,35,0.2622367070000564,202,1.337323857962639
Ours-AR,36,0.20201829199993426,202,1.337323857962639
Ours-AR,37,0.26265645299997686,202,1.337323857962639
Ours-AR,38,0.26222452899992277,202,1.337323857962639
Ours-AR,39,0.26264631799995186,202,1.337323857962639
Ours-AR,40,0.2225895369999762,202,1.337323857962639
Ours-AR,41,0.2645934170000146,202,1.337323857962639
Ours-AR,42,0.26179363899996133,202,1.337323857962639
Ours-AR,43,0.2621715340000037,202,1.337323857962639
Ours-AR,44,0.26341605300001447,202,1.337323857962639
Ours-AR,45,0.21911632599994846,202,1.337323857962639
Ours-AR,46,0.22548973799996475,202,1.337323857962639
Ours-AR,47,0.22687937199998487,202,1.337323857962639
Ours-AR,48,0.24935188100005234,202,1.337323857962639
Ours-AR,49,0.26211415900002066,202,1.337323857962639
Ours-AR,50,0.2629437280000957,202,1.337323857962639
Ours-AR,51,0.26318637800000033,202,1.337323857962639
Ours-AR,52,0.2616648599999962,202,1.337323857962639
Ours-AR,53,0.2634798919999639,202,1.337323857962639
Ours-AR,54,0.2627118650000284,202,1.337323857962639
Ours-AR,55,0.2631207220000533,202,1.337323857962639
Ours-AR,56,0.20271251500003018,202,1.337323857962639
Ours-AR,57,0.2637657840000429,202,1.337323857962639
Ours-AR,58,0.26356465200001367,202,1.337323857962639
Ours-AR,59,0.2623418690000108,202,1.337323857962639
Ours-AR,60,0.238597311000035,202,1.337323857962639
Ours-AR,61,0.2624616780000224,202,1.337323857962639
Ours-AR,62,0.26397314799999094,202,1.337323857962639
Ours-AR,63,0.26186255200002506,202,1.337323857962639
Ours-AR,64,0.26157905599995956,202,1.337323857962639
Ours-AR,65,0.2614939040000763,202,1.337323857962639
Ours-AR,66,0.2627415709999923,202,1.337323857962639
Ours-AR,67,0.24366445399994063,202,1.337323857962639
Ours-AR,68,0.26339499900007013,202,1.337323857962639
Ours-AR,69,0.26220362899994143,202,1.337323857962639
Ours-AR,70,0.26235927499999434,202,1.337323857962639
Ours-AR,71,0.26194036100002904,202,1.337323857962639
Ours-AR,72,0.2612703720000127,202,1.337323857962639
Ours-AR,73,0.2616869559999486,202,1.337323857962639
Ours-AR,74,0.26148867699998846,202,1.337323857962639
Ours-AR,75,0.1797949010000366,202,1.337323857962639
Ours-AR,76,0.17802334600003178,202,1.337323857962639
Ours-AR,77,0.1979941360000339,202,1.337323857962639
Ours-AR,78,0.19772462799994628,202,1.337323857962639
Ours-AR,79,0.2637666860000536,202,1.337323857962639
Ours-AR,80,0.24128027799997653,202,1.337323857962639
Ours-AR,81,0.26408468299996457,202,1.337323857962639
Ours-AR,82,0.26347337899994727,202,1.337323857962639
Ours-AR,83,0.2599763460000304,202,1.337323857962639
Ours-AR,84,0.23905556299996533,202,1.337323857962639
Ours-AR,85,0.2617606409999098,202,1.337323857962639
Ours-AR,86,0.2617082549999168,202,1.337323857962639
Ours-AR,87,0.26168168699996386,202,1.337323857962639
Ours-AR,88,0.2614414280000119,202,1.337323857962639
Ours-AR,89,0.26151854300007926,202,1.337323857962639
Ours-AR,90,0.2558001280000326,202,1.337323857962639
Ours-AR,91,0.26173793200007367,202,1.337323857962639
Ours-AR,92,0.2613469619999478,202,1.337323857962639
Ours-AR,93,0.2241991619999908,202,1.337323857962639
Ours-AR,94,0.2614587919999849,202,1.337323857962639
Ours-AR,95,0.2612682929999437,202,1.337323857962639
Ours-AR,96,0.2085528229999909,202,1.337323857962639
Ours-AR,97,0.2616196230000014,202,1.337323857962639
Ours-AR,98,0.26195096200001444,202,1.337323857962639
Ours-AR,99,0.261333612000044,202,1.337323857962639
Ours-AR,100,0.23032881999995425,202,1.337323857962639
Line,1,0.18914017700001295,212,1.2359235101695567
Line,2,0.18941228500000307,212,1.2359235101695567
Line,3,0.1332152390000374,212,1.2359235101695567
Line,4,0.1269158110000035,212,1.2359235101695567
Line,5,0.1878405009999824,212,1.2359235101695567
Line,6,0.1450449110000136,212,1.2359235101695567
Line,7,0.13203169300004447,212,1.2359235101695567
Line,8,0.16651896500002294,212,1.2359235101695567
Line,9,0.19129389700003685,212,1.2359235101695567
Line,10,0.18945082200002616,212,1.2359235101695567
Line,11,0.19061589500006448,212,1.2359235101695567
Line,12,0.19064139800002522,212,1.2359235101695567
Line,13,0.19080130600002576,212,1.2359235101695567
Line,14,0.19102312500001517,212,1.2359235101695567
Line,15,0.18980647899991254,212,1.2359235101695567
Line,16,0.19038633199988908,212,1.2359235101695567
Line,17,0.19045489699999507,212,1.2359235101695567
Line,18,0.189308131999951,212,1.2359235101695567
Line,19,0.1391501740000649,212,1.2359235101695567
Line,20,0.1907037239999454,212,1.2359235101695567
Line,21,0.19085485100004007,212,1.2359235101695567
Line,22,0.19212322800001402,212,1.2359235101695567
Line,23,0.1899165479999283,212,1.2359235101695567
Line,24,0.18958476700004212,212,1.2359235101695567
Line,25,0.14723666799989132,212,1.2359235101695567
Line,26,0.19055282199997237,212,1.2359235101695567
Line,27,0.19031817799998407,212,1.2359235101695567
Line,28,0.1892758489999551,212,1.2359235101695567
Line,29,0.1894480640000893,212,1.2359235101695567
Line,30,0.18958830099995794,212,1.2359235101695567
Line,31,0.19098847099996874,212,1.2359235101695567
Line,32,0.19102572400004192,212,1.2359235101695567
Line,33,0.19157428099993012,212,1.2359235101695567
Line,34,0.18988300700004856,212,1.2359235101695567
Line,35,0.18952581099995314,212,1.2359235101695567
Line,36,0.190370537999911,212,1.2359235101695567
Line,37,0.19032705899996927,212,1.2359235101695567
Line,38,0.19093903499992848,212,1.2359235101695567
Line,39,0.19012500099995577,212,1.2359235101695567
Line,40,0.18922498499989615,212,1.2359235101695567
Line,41,0.18975073499996142,212,1.2359235101695567
Line,42,0.19012439999994513,212,1.2359235101695567
Line,43,0.1896185749999404,212,1.2359235101695567
Line,44,0.18086677299993426,212,1.2359235101695567
Line,45,0.18945461099997374,212,1.2359235101695567
Line,46,0.14279452099992795,212,1.2359235101695567
Line,47,0.1681877280000208,212,1.2359235101695567
Line,48,0.1444368619999068,212,1.2359235101695567
Line,49,0.18969185599996763,212,1.2359235101695567
Line,50,0.18911405299991202,212,1.2359235101695567
Line,51,0.189372495999919,212,1.2359235101695567
Line,52,0.16844481600003292,212,1.2359235101695567
Line,53,0.1897723170000063,212,1.2359235101695567
Line,54,0.18964536300006785,212,1.2359235101695567
Line,55,0.18937586299989562,212,1.2359235101695567
Line,56,0.18957133499998235,212,1.2359235101695567
Line,57,0.18933472999992773,212,1.2359235101695567
Line,58,0.18925842800001647,212,1.2359235101695567
Line,59,0.18934299299996837,212,1.2359235101695567
Line,60,0.18960051099998054,212,1.2359235101695567
Line,61,0.1896619640000381,212,1.2359235101695567
Line,62,0.18937747299992225,212,1.2359235101695567
Line,63,0.1893886290000637,212,1.2359235101695567
Line,64,0.1895588150000549,212,1.2359235101695567
Line,65,0.19008940100002292,212,1.2359235101695567
Line,66,0.18979037600001902,212,1.2359235101695567
Line,67,0.18949778900002912,212,1.2359235101695567
Line,68,0.14230550299998868,212,1.2359235101695567
Line,69,0.16479828000001362,212,1.2359235101695567
Line,70,0.19177895500001796,212,1.2359235101695567
Line,71,0.1913343520000126,212,1.2359235101695567
Line,72,0.18998688700003186,212,1.2359235101695567
Line,73,0.1456455449999794,212,1.2359235101695567
Line,74,0.18522679600005176,212,1.2359235101695567
Line,75,0.17513962999998967,212,1.2359235101695567
Line,76,0.1904127640000297,212,1.2359235101695567
Line,77,0.1906209689999514,212,1.2359235101695567
Line,78,0.18951755499995215,212,1.2359235101695567
Line,79,0.1496339349999971,212,1.2359235101695567
Line,80,0.19051357500006816,212,1.2359235101695567
Line,81,0.19146142299996427,212,1.2359235101695567
Line,82,0.19165519799992126,212,1.2359235101695567
Line,83,0.190133087999925,212,1.2359235101695567
Line,84,0.18873155899996163,212,1.2359235101695567
Line,85,0.12688032200003363,212,1.2359235101695567
Line,86,0.1308528289999913,212,1.2359235101695567
Line,87,0.19003203700003723,212,1.2359235101695567
Line,88,0.1447634480000488,212,1.2359235101695567
Line,89,0.1897914060000403,212,1.2359235101695567
Line,90,0.162702205999949,212,1.2359235101695567
Line,91,0.18970445200000086,212,1.2359235101695567
Line,92,0.189736987999936,212,1.2359235101695567
Line,93,0.18943466799998987,212,1.2359235101695567
Line,94,0.18972273199995016,212,1.2359235101695567
Line,95,0.18956299799992848,212,1.2359235101695567
Line,96,0.17389312799991785,212,1.2359235101695567
Line,97,0.15473778800003402,212,1.2359235101695567
Line,98,0.19008905900000173,212,1.2359235101695567
Line,99,0.18962024699999347,212,1.2359235101695567
Line,100,0.18960235400004422,212,1.2359235101695567
Reg,1,0.50672316400005,206,1.4672673564491574
Reg,2,0.5019083969999656,206,1.4672673564491574
Reg,3,0.4763168020000421,206,1.4672673564491574
Reg,4,0.49894062099997427,206,1.4672673564491574
Reg,5,0.5038926339999534,206,1.4672673564491574
Reg,6,0.5026628470000105,206,1.4672673564491574
Reg,7,0.5040393289999656,206,1.4672673564491574
Reg,8,0.45456042800003615,206,1.4672673564491574
Reg,9,0.4117060629999969,206,1.4672673564491574
Reg,10,0.5257681250000132,206,1.4672673564491574
Reg,11,0.509544988000016,206,1.4672673564491574
Reg,12,0.5226259220000884,206,1.4672673564491574
Reg,13,0.5206916449999426,206,1.4672673564491574
Reg,14,0.5029538249999632,206,1.4672673564491574
Reg,15,0.5150479390000555,206,1.4672673564491574
Reg,16,0.5134829169999193,206,1.4672673564491574
Reg,17,0.22449910700004239,206,1.4672673564491574
Reg,18,0.22597719499992763,206,1.4672673564491574
Reg,19,0.224494897999989,206,1.4672673564491574
Reg,20,0.22388126999999258,206,1.4672673564491574
Reg,21,0.355282944999999,206,1.4672673564491574
Reg,22,0.5255967409999585,206,1.4672673564491574
Reg,23,0.5050280450000173,206,1.4672673564491574
Reg,24,0.5253731440000138,206,1.4672673564491574
Reg,25,0.5080271099999436,206,1.4672673564491574
Reg,26,0.45015472000000045,206,1.4672673564491574
Reg,27,0.36342850799996995,206,1.4672673564491574
Reg,28,0.22262324600001193,206,1.4672673564491574
Reg,29,0.3480150219999132,206,1.4672673564491574
Reg,30,0.45181889499997396,206,1.4672673564491574
Reg,31,0.5045988159999979,206,1.4672673564491574
Reg,32,0.4688091389999727,206,1.4672673564491574
Reg,33,0.5097480880000376,206,1.4672673564491574
Reg,34,0.49348174599992944,206,1.4672673564491574
Reg,35,0.514253933999953,206,1.4672673564491574
Reg,36,0.5124557280000772,206,1.4672673564491574
Reg,37,0.5134218749999491,206,1.4672673564491574
Reg,38,0.5110399850000249,206,1.4672673564491574
Reg,39,0.5110258120000708,206,1.4672673564491574
Reg,40,0.5084753630000023,206,1.4672673564491574
Reg,41,0.5040262889999667,206,1.4672673564491574
Reg,42,0.46519739100006063,206,1.4672673564491574
Reg,43,0.45539450800004033,206,1.4672673564491574
Reg,44,0.4784298319999607,206,1.4672673564491574
Reg,45,0.5101852430000235,206,1.4672673564491574
Reg,46,0.5046271659999775,206,1.4672673564491574
Reg,47,0.5096157549999134,206,1.4672673564491574
Reg,48,0.47835704299995996,206,1.4672673564491574
Reg,49,0.5115986549999434,206,1.4672673564491574
Reg,50,0.5063841149999462,206,1.4672673564491574
Reg,51,0.5096687559999964,206,1.4672673564491574
Reg,52,0.4603804379999019,206,1.4672673564491574
Reg,53,0.5101064350000115,206,1.4672673564491574
Reg,54,0.479997907999973,206,1.4672673564491574
Reg,55,0.5089398609999307,206,1.4672673564491574
Reg,56,0.4860839879999048,206,1.4672673564491574
Reg,57,0.4849906470000178,206,1.4672673564491574
Reg,58,0.4351542269999982,206,1.4672673564491574
Reg,59,0.5059648110000126,206,1.4672673564491574
Reg,60,0.5090355390000241,206,1.4672673564491574
Reg,61,0.39140607799993177,206,1.4672673564491574
Reg,62,0.4297358090000216,206,1.4672673564491574
Reg,63,0.4567288139999164,206,1.4672673564491574
Reg,64,0.4665403699999615,206,1.4672673564491574
Reg,65,0.4729409320000286,206,1.4672673564491574
Reg,66,0.43965483499994207,206,1.4672673564491574
Reg,67,0.46568355299996256,206,1.4672673564491574
Reg,68,0.5087904010000557,206,1.4672673564491574
Reg,69,0.4658312300000489,206,1.4672673564491574
Reg,70,0.3280614309999237,206,1.4672673564491574
Reg,71,0.2198677259999613,206,1.4672673564491574
Reg,72,0.34023033200003283,206,1.4672673564491574
Reg,73,0.44012829000007514,206,1.4672673564491574
Reg,74,0.471157876999996,206,1.4672673564491574
Reg,75,0.4376023030000624,206,1.4672673564491574
Reg,76,0.5103531999999404,206,1.4672673564491574
Reg,77,0.48276589600004627,206,1.4672673564491574
Reg,78,0.5096273280000787,206,1.4672673564491574
Reg,79,0.505546642000013,206,1.4672673564491574
Reg,80,0.5070121590000554,206,1.4672673564491574
Reg,81,0.5055301610000242,206,1.4672673564491574
Reg,82,0.4631288970000469,206,1.4672673564491574
Reg,83,0.5003164249999372,206,1.4672673564491574
Reg,84,0.3904008290001002,206,1.4672673564491574
Reg,85,0.23104557999999997,206,1.4672673564491574
Reg,86,0.4683868690000281,206,1.4672673564491574
Reg,87,0.5063921150000397,206,1.4672673564491574
Reg,88,0.487965468000084,206,1.4672673564491574
Reg,89,0.49299533800001427,206,1.4672673564491574
Reg,90,0.4576023540000733,206,1.4672673564491574
Reg,91,0.44418499599998995,206,1.4672673564491574
Reg,92,0.5092037459999119,206,1.4672673564491574
Reg,93,0.5072447820000434,206,1.4672673564491574
Reg,94,0.48200166300000546,206,1.4672673564491574
Reg,95,0.4996388789999173,206,1.4672673564491574
Reg,96,0.4136851440000555,206,1.4672673564491574
Reg,97,0.49824781000006624,206,1.4672673564491574
Reg,98,0.4564745210000183,206,1.4672673564491574
Reg,99,0.4994536709999693,206,1.4672673564491574
Reg,100,0.5025882600000386,206,1.4672673564491574
Reg-Sec,1,0.6079284180000286,206,1.478236203741717
Reg-Sec,2,0.5548454470000479,206,1.478236203741717
Reg-Sec,3,0.6194870210000545,206,1.478236203741717
Reg-Sec,4,0.6036559140000008,206,1.478236203741717
Reg-Sec,5,0.6183053890000565,206,1.478236203741717
Reg-Sec,6,0.5968184010000641,206,1.478236203741717
Reg-Sec,7,0.6154517319999968,206,1.478236203741717
Reg-Sec,8,0.6177640649999603,206,1.478236203741717
Reg-Sec,9,0.6162490100000468,206,1.478236203741717
Reg-Sec,10,0.577413389999947,206,1.478236203741717
Reg-Sec,11,0.5251891059999707,206,1.478236203741717
Reg-Sec,12,0.6084858929999655,206,1.478236203741717
Reg-Sec,13,0.6171468180000375,206,1.478236203741717
Reg-Sec,14,0.5618379320000031,206,1.478236203741717
Reg-Sec,15,0.5736141889999544,206,1.478236203741717
Reg-Sec,16,0.6127634349999198,206,1.478236203741717
Reg-Sec,17,0.6168662730000278,206,1.478236203741717
Reg-Sec,18,0.6030601599999272,206,1.478236203741717
Reg-Sec,19,0.3002673029999414,206,1.478236203741717
Reg-Sec,20,0.5549128759998894,206,1.478236203741717
Reg-Sec,21,0.5832870119999143,206,1.478236203741717
Reg-Sec,22,0.5752696590000141,206,1.478236203741717
Reg-Sec,23,0.5864470999999867,206,1.478236203741717
Reg-Sec,24,0.3227746779999734,206,1.478236203741717
Reg-Sec,25,0.3489179650000551,206,1.478236203741717
Reg-Sec,26,0.5864985079999769,206,1.478236203741717
Reg-Sec,27,0.6040054459999737,206,1.478236203741717
Reg-Sec,28,0.5756939139999986,206,1.478236203741717
Reg-Sec,29,0.5339363630000662,206,1.478236203741717
Reg-Sec,30,0.611404216999972,206,1.478236203741717
Reg-Sec,31,0.5999788230000149,206,1.478236203741717
Reg-Sec,32,0.4127040509999915,206,1.478236203741717
Reg-Sec,33,0.608017741000026,206,1.478236203741717
Reg-Sec,34,0.6100152909999679,206,1.478236203741717
Reg-Sec,35,0.6079232999999249,206,1.478236203741717
Reg-Sec,36,0.6096651010000187,206,1.478236203741717
Reg-Sec,37,0.6028302219999659,206,1.478236203741717
Reg-Sec,38,0.5427243630000476,206,1.478236203741717
Reg-Sec,39,0.5943068499999526,206,1.478236203741717
Reg-Sec,40,0.6102655280000135,206,1.478236203741717
Reg-Sec,41,0.5567060619999893,206,1.478236203741717
Reg-Sec,42,0.5427390419999938,206,1.478236203741717
Reg-Sec,43,0.6068225290000555,206,1.478236203741717
Reg-Sec,44,0.6087642490000462,206,1.478236203741717
Reg-Sec,45,0.6052516569999398,206,1.478236203741717
Reg-Sec,46,0.5633084780000672,206,1.478236203741717
Reg-Sec,47,0.6083571639999263,206,1.478236203741717
Reg-Sec,48,0.5956275239999513,206,1.478236203741717
Reg-Sec,49,0.6097252229999413,206,1.478236203741717
Reg-Sec,50,0.6143440219999547,206,1.478236203741717
Reg-Sec,51,0.599118309000005,206,1.478236203741717
Reg-Sec,52,0.6166259589999754,206,1.478236203741717
Reg-Sec,53,0.5979391509999914,206,1.478236203741717
Reg-Sec,54,0.46447033899994494,206,1.478236203741717
Reg-Sec,55,0.5431511519999503,206,1.478236203741717
Reg-Sec,56,0.6098561530000097,206,1.478236203741717
Reg-Sec,57,0.5607779040000196,206,1.478236203741717
Reg-Sec,58,0.6091294599999628,206,1.478236203741717
Reg-Sec,59,0.607341077000001,206,1.478236203741717
Reg-Sec,60,0.5980460180001046,206,1.478236203741717
Reg-Sec,61,0.6146282750000864,206,1.478236203741717
Reg-Sec,62,0.6103472419999889,206,1.478236203741717
Reg-Sec,63,0.5651381819999415,206,1.478236203741717
Reg-Sec,64,0.6131129860000328,206,1.478236203741717
Reg-Sec,65,0.6055917200000067,206,1.478236203741717
Reg-Sec,66,0.6019661550000137,206,1.478236203741717
Reg-Sec,67,0.5184496080000827,206,1.478236203741717
Reg-Sec,68,0.6153033780000214,206,1.478236203741717
Reg-Sec,69,0.6096627550000449,206,1.478236203741717
Reg-Sec,70,0.6109823739999456,206,1.478236203741717
Reg-Sec,71,0.5891999469999973,206,1.478236203741717
Reg-Sec,72,0.5797993129999668,206,1.478236203741717
Reg-Sec,73,0.6011752550000438,206,1.478236203741717
Reg-Sec,74,0.6159434109999893,206,1.478236203741717
Reg-Sec,75,0.6123617670000385,206,1.478236203741717
Reg-Sec,76,0.6134642819999954,206,1.478236203741717
Reg-Sec,77,0.5879252930000121,206,1.478236203741717
Reg-Sec,78,0.6173030940000217,206,1.478236203741717
Reg-Sec,79,0.5331434470000431,206,1.478236203741717
Reg-Sec,80,0.5706460440000001,206,1.478236203741717
Reg-Sec,81,0.6089471959999173,206,1.478236203741717
Reg-Sec,82,0.6010258680000788,206,1.478236203741717
Reg-Sec,83,0.617230104999976,206,1.478236203741717
Reg-Sec,84,0.6197881410000718,206,1.478236203741717
Reg-Sec,85,0.6169634930000711,206,1.478236203741717
Reg-Sec,86,0.6187330870000096,206,1.478236203741717
Reg-Sec,87,0.6154080840000233,206,1.478236203741717
Reg-Sec,88,0.5323684119999825,206,1.478236203741717
Reg-Sec,89,0.5947411160000229,206,1.478236203741717
Reg-Sec,90,0.5478100179999501,206,1.478236203741717
Reg-Sec,91,0.5096264850000125,206,1.478236203741717
Reg-Sec,92,0.5431240179999577,206,1.478236203741717
Reg-Sec,93,0.5631989649999696,206,1.478236203741717
Reg-Sec,94,0.6196684020000021,206,1.478236203741717
Reg-Sec,95,0.6101416669999935,206,1.478236203741717
Reg-Sec,96,0.614843292000046,206,1.478236203741717
Reg-Sec,97,0.5660287029999154,206,1.478236203741717
Reg-Sec,98,0.61544392899998,206,1.478236203741717
Reg-Sec,99,0.5904551309999988,206,1.478236203741717
Reg-Sec,100,0.6145298400000456,206,1.478236203741717
SciPy,1,0.12105553100002453,212,1.235923514886685
SciPy,2,0.12127449199999774,212,1.235923514886685
SciPy,3,0.12141093900004307,212,1.235923514886685
SciPy,4,0.1212846509999963,212,1.235923514886685
SciPy,5,0.29727866600001107,212,1.235923514886685
SciPy,6,0.3052290370000037,212,1.235923514886685
SciPy,7,0.3061133679999557,212,1.235923514886685
SciPy,8,0.26231669999992846,212,1.235923514886685
SciPy,9,0.2545851360000597,212,1.235923514886685
SciPy,10,0.2236700580000388,212,1.235923514886685
SciPy,11,0.28362399599996024,212,1.235923514886685
SciPy,12,0.272433238000076,212,1.235923514886685
SciPy,13,0.30690850400003455,212,1.235923514886685
SciPy,14,0.30982957900005204,212,1.235923514886685
SciPy,15,0.2643188069999951,212,1.235923514886685
SciPy,16,0.3084101180000971,212,1.235923514886685
SciPy,17,0.311463035000088,212,1.235923514886685
SciPy,18,0.3059980230000292,212,1.235923514886685
SciPy,19,0.30917109999995773,212,1.235923514886685
SciPy,20,0.30987219799999366,212,1.235923514886685
SciPy,21,0.30836439600000176,212,1.235923514886685
SciPy,22,0.30800891199999114,212,1.235923514886685
SciPy,23,0.30964667800003554,212,1.235923514886685
SciPy,24,0.3101650380000365,212,1.235923514886685
SciPy,25,0.3100323929999149,212,1.235923514886685
SciPy,26,0.30907068199996957,212,1.235923514886685
SciPy,27,0.3112073689999306,212,1.235923514886685
SciPy,28,0.25212715500003924,212,1.235923514886685
SciPy,29,0.22199927500003014,212,1.235923514886685
SciPy,30,0.3016506210000216,212,1.235923514886685
SciPy,31,0.3095250640000131,212,1.235923514886685
SciPy,32,0.20360409099998833,212,1.235923514886685
SciPy,33,0.3014340329999641,212,1.235923514886685
SciPy,34,0.3016498370000136,212,1.235923514886685
SciPy,35,0.24260436300005495,212,1.235923514886685
SciPy,36,0.2510169570000471,212,1.235923514886685
SciPy,37,0.307569940999997,212,1.235923514886685
SciPy,38,0.22381586400001652,212,1.235923514886685
SciPy,39,0.20592837100002725,212,1.235923514886685
SciPy,40,0.3071380070000487,212,1.235923514886685
SciPy,41,0.30905122000001484,212,1.235923514886685
SciPy,42,0.30897720999996636,212,1.235923514886685
SciPy,43,0.3108480189999909,212,1.235923514886685
SciPy,44,0.3068084499999486,212,1.235923514886685
SciPy,45,0.31030649100000574,212,1.235923514886685
SciPy,46,0.2463155520000555,212,1.235923514886685
SciPy,47,0.3093510679999554,212,1.235923514886685
SciPy,48,0.30746939200003,212,1.235923514886685
SciPy,49,0.30752025800006777,212,1.235923514886685
SciPy,50,0.20653532300002553,212,1.235923514886685
SciPy,51,0.3092060590000756,212,1.235923514886685
SciPy,52,0.30857882200007225,212,1.235923514886685
SciPy,53,0.31045849700001327,212,1.235923514886685
SciPy,54,0.2470517970000401,212,1.235923514886685
SciPy,55,0.3087582670000302,212,1.235923514886685
SciPy,56,0.2677779489999921,212,1.235923514886685
SciPy,57,0.2580097290000367,212,1.235923514886685
SciPy,58,0.1829081529999712,212,1.235923514886685
SciPy,59,0.3114798059999657,212,1.235923514886685
SciPy,60,0.3129798009999831,212,1.235923514886685
SciPy,61,0.258202845000028,212,1.235923514886685
SciPy,62,0.2800172089999933,212,1.235923514886685
SciPy,63,0.3108544259999917,212,1.235923514886685
SciPy,64,0.25685598600000503,212,1.235923514886685
SciPy,65,0.1725200670000504,212,1.235923514886685
SciPy,66,0.3065177329999642,212,1.235923514886685
SciPy,67,0.31312067999999726,212,1.235923514886685
SciPy,68,0.28139031399996384,212,1.235923514886685
SciPy,69,0.3077147829999376,212,1.235923514886685
SciPy,70,0.31167375899997296,212,1.235923514886685
SciPy,71,0.3134294220000129,212,1.235923514886685
SciPy,72,0.3074912029999268,212,1.235923514886685
SciPy,73,0.308578625999985,212,1.235923514886685
SciPy,74,0.30949411300002794,212,1.235923514886685
SciPy,75,0.3106729109999833,212,1.235923514886685
SciPy,76,0.3095667830000366,212,1.235923514886685
SciPy,77,0.3071774779999714,212,1.235923514886685
SciPy,78,0.18453176900004564,212,1.235923514886685
SciPy,79,0.18490183200003685,212,1.235923514886685
SciPy,80,0.15569295700004204,212,1.235923514886685
SciPy,81,0.236851860999991,212,1.235923514886685
SciPy,82,0.24864954800000305,212,1.235923514886685
SciPy,83,0.2917447739999943,212,1.235923514886685
SciPy,84,0.3111981570000353,212,1.235923514886685
SciPy,85,0.31152982300000076,212,1.235923514886685
SciPy,86,0.2760765310000579,212,1.235923514886685
SciPy,87,0.31248885299999074,212,1.235923514886685
SciPy,88,0.2556513609999911,212,1.235923514886685
SciPy,89,0.23831516399991415,212,1.235923514886685
SciPy,90,0.31010884100010117,212,1.235923514886685
SciPy,91,0.3125756910000064,212,1.235923514886685
SciPy,92,0.17467690000000857,212,1.235923514886685
SciPy,93,0.1359270350000088,212,1.235923514886685
SciPy,94,0.13532062800004496,212,1.235923514886685
SciPy,95,0.13681482200001938,212,1.235923514886685
SciPy,96,0.22018057299999327,212,1.235923514886685
SciPy,97,0.2793843359999073,212,1.235923514886685
SciPy,98,0.3146741610000845,212,1.235923514886685
SciPy,99,0.2711856139999327,212,1.235923514886685
SciPy,100,0.1475346700000273,212,1.235923514886685
NTQN,1,0.2968031579999888,219,1.4335377176730528
NTQN,2,0.28943944500008456,219,1.4335377176730528
NTQN,3,0.2553279080000266,219,1.4335377176730528
NTQN,4,0.2898967999999513,219,1.4335377176730528
NTQN,5,0.2894533969999884,219,1.4335377176730528
NTQN,6,0.29295447999993485,219,1.4335377176730528
NTQN,7,0.28955184199992345,219,1.4335377176730528
NTQN,8,0.28714146800007256,219,1.4335377176730528
NTQN,9,0.2886372470001106,219,1.4335377176730528
NTQN,10,0.28826502500010065,219,1.4335377176730528
NTQN,11,0.29003363200001786,219,1.4335377176730528
NTQN,12,0.286691340999937,219,1.4335377176730528
NTQN,13,0.28824493100000836,219,1.4335377176730528
NTQN,14,0.2271003060000112,219,1.4335377176730528
NTQN,15,0.2609064839999746,219,1.4335377176730528
NTQN,16,0.28724156900000253,219,1.4335377176730528
NTQN,17,0.26715826299994205,219,1.4335377176730528
NTQN,18,0.24717538100003367,219,1.4335377176730528
NTQN,19,0.2895553399999926,219,1.4335377176730528
NTQN,20,0.28709060500000305,219,1.4335377176730528
NTQN,21,0.2578031209999381,219,1.4335377176730528
NTQN,22,0.289583848999996,219,1.4335377176730528
NTQN,23,0.28774699999996756,219,1.4335377176730528
NTQN,24,0.2885721200000262,219,1.4335377176730528
NTQN,25,0.28818879699997524,219,1.4335377176730528
NTQN,26,0.2897888200000125,219,1.4335377176730528
NTQN,27,0.28654577299994344,219,1.4335377176730528
NTQN,28,0.2887393290000091,219,1.4335377176730528
NTQN,29,0.2897866429999567,219,1.4335377176730528
NTQN,30,0.2880296209999642,219,1.4335377176730528
NTQN,31,0.2875928280000153,219,1.4335377176730528
NTQN,32,0.28739770300001055,219,1.4335377176730528
NTQN,33,0.29001885100001346,219,1.4335377176730528
NTQN,34,0.2875137230000746,219,1.4335377176730528
NTQN,35,0.233422297000061,219,1.4335377176730528
NTQN,36,0.28881814700002906,219,1.4335377176730528
NTQN,37,0.28993048600000293,219,1.4335377176730528
NTQN,38,0.2875788569999713,219,1.4335377176730528
NTQN,39,0.24992805500005488,219,1.4335377176730528
NTQN,40,0.2672503589999451,219,1.4335377176730528
NTQN,41,0.22007947700001296,219,1.4335377176730528
NTQN,42,0.22333572700006243,219,1.4335377176730528
NTQN,43,0.29533294899999873,219,1.4335377176730528
NTQN,44,0.29220421200000146,219,1.4335377176730528
NTQN,45,0.2926661139999851,219,1.4335377176730528
NTQN,46,0.29130876600004285,219,1.4335377176730528
NTQN,47,0.29093910999995387,219,1.4335377176730528
NTQN,48,0.29418227799999386,219,1.4335377176730528
NTQN,49,0.29437228899996626,219,1.4335377176730528
NTQN,50,0.29334599699996033,219,1.4335377176730528
NTQN,51,0.29849893300001895,219,1.4335377176730528
NTQN,52,0.29258361699999114,219,1.4335377176730528
NTQN,53,0.25011442000004536,219,1.4335377176730528
NTQN,54,0.2937476559999368,219,1.4335377176730528
NTQN,55,0.29504732800000966,219,1.4335377176730528
NTQN,56,0.2944407139999612,219,1.4335377176730528
NTQN,57,0.25795971100001225,219,1.4335377176730528
NTQN,58,0.28617519299996275,219,1.4335377176730528
NTQN,59,0.28960800400000153,219,1.4335377176730528
NTQN,60,0.2891794409999875,219,1.4335377176730528
NTQN,61,0.2862067250000564,219,1.4335377176730528
NTQN,62,0.2905241539999679,219,1.4335377176730528
NTQN,63,0.2879308960000344,219,1.4335377176730528
NTQN,64,0.2524196970000503,219,1.4335377176730528
NTQN,65,0.28903606400001536,219,1.4335377176730528
NTQN,66,0.2588320999999496,219,1.4335377176730528
NTQN,67,0.2762098099999548,219,1.4335377176730528
NTQN,68,0.2755856159999439,219,1.4335377176730528
NTQN,69,0.287916709000001,219,1.4335377176730528
NTQN,70,0.2909684769999785,219,1.4335377176730528
NTQN,71,0.24919640000007348,219,1.4335377176730528
NTQN,72,0.29193561599993245,219,1.4335377176730528
NTQN,73,0.2972948029999998,219,1.4335377176730528
NTQN,74,0.2905197530000123,219,1.4335377176730528
NTQN,75,0.28966346999993675,219,1.4335377176730528
NTQN,76,0.29228737799996907,219,1.4335377176730528
NTQN,77,0.29584175899992715,219,1.4335377176730528
NTQN,78,0.2935738769999716,219,1.4335377176730528
NTQN,79,0.29275077600004806,219,1.4335377176730528
NTQN,80,0.29650342000002183,219,1.4335377176730528
NTQN,81,0.2740691970000171,219,1.4335377176730528
NTQN,82,0.2915743679999423,219,1.4335377176730528
NTQN,83,0.2943430249999892,219,1.4335377176730528
NTQN,84,0.29517347900002733,219,1.4335377176730528
NTQN,85,0.2913750920000666,219,1.4335377176730528
NTQN,86,0.2928585250000424,219,1.4335377176730528
NTQN,87,0.29426027099998464,219,1.4335377176730528
NTQN,88,0.2516633010000078,219,1.4335377176730528
NTQN,89,0.23955849200001467,219,1.4335377176730528
NTQN,90,0.29075935599996683,219,1.4335377176730528
NTQN,91,0.2950860890000513,219,1.4335377176730528
NTQN,92,0.2645649050000429,219,1.4335377176730528
NTQN,93,0.281544609999969,219,1.4335377176730528
NTQN,94,0.2135276870000098,219,1.4335377176730528
NTQN,95,0.29289036000000124,219,1.4335377176730528
NTQN,96,0.2917255470000555,219,1.4335377176730528
NTQN,97,0.2947637529999838,219,1.4335377176730528
NTQN,98,0.2935440749999998,219,1.4335377176730528
NTQN,99,0.2937782070000594,219,1.4335377176730528
NTQN,100,0.25607776399999693,219,1.4335377176730528
